
---// ĐỒ ÁN: XAY DUNG  PHAN MEM QUẢN LÝ BÁN HÀNG TẠI GS25 
---// SVTH: NGUYỄN THỊ NHI-2021010232 & NGUYỄN THI PHUC-20210101255 


CREATE DATABASE DOAN_JAVA
USE DOAN_JAVA

--- CREATE NHANVIEN TABLE
CREATE TABLE NHANVIEN
(
MANV NCHAR(6) CONSTRAINT PK_NHANVIEN_MANV PRIMARY KEY,
HOTENNV NVARCHAR(50) NOT NULL,
NGAYSINH DATE ,
GIOITINH NVARCHAR(10) ,
CHUCVU NVARCHAR(20) CONSTRAINT CK_NHANVIEN_CHUCVU CHECK (CHUCVU IN('QLT','NV','KT','TK')),
DIACHI NVARCHAR(50) CONSTRAINT DF_NHANVIEN_DIACHI DEFAULT N'CHƯA CÓ',
DIENTHOAI NVARCHAR(20) NOT NULL,
EMAIL NVARCHAR (50) NOT NULL,
TAIKHOAN NVARCHAR(10) NOT NULL

)

--- sửa thuộc tính HONV có thể null
---- CREATE TAIKHOAN TABLE

CREATE TABLE TAIKHOAN
( MAID NVARCHAR(10) PRIMARY KEY NOT NULL,
username NVARCHAR(30) NOT NULL,
password NVARCHAR(3) NOT NULL
)


--- CREATE KHACHHANG TABLE

CREATE TABLE KHACHHANG

(  
MAKH NCHAR(6) CONSTRAINT PK_KHACHHANG_MAKH PRIMARY KEY ,
HOKH NVARCHAR(30) NOT NULL,
TENKH NVARCHAR(30) NOT NULL,
DIACHI NVARCHAR(50) CONSTRAINT DF_KHACHANG_DIACHI DEFAULT N'CHƯA CÓ',
DIENTHOAI NVARCHAR(20) NOT NULL,
)

---- CREATE TABLE NHACUNGCAP

CREATE TABLE NHACUNGCAP
(
MANCC NCHAR(6) CONSTRAINT PK_NHACUNGCAP_MANCC PRIMARY KEY ,
TENNCC NVARCHAR(50) NOT NULL,
DIACHI NVARCHAR(100) NOT NULL,
EMAIL NVARCHAR(100) NOT NULL
)


--- CREATE TABLE KHO

CREATE TABLE KHO
(
MAKHO NCHAR(6) CONSTRAINT PK_KHO_MAKHO PRIMARY KEY,
TENKHO NVARCHAR(100) NOT NULL,
DIACHI  NVARCHAR(100) NOT NULL
)


--- CREATE LOAISANPHAM TABLE

CREATE TABLE LOAISANPHAM 
(
MALOAISP NCHAR(6) CONSTRAINT PK_LOAISANPHAM_MALOAISP PRIMARY KEY,
TENLOAISP NVARCHAR(100) NOT NULL
)

--- CREATE SANPHAM TABLE

CREATE TABLE SANPHAM
(
MASP NCHAR(6) CONSTRAINT PK_SANPHAM_MASP PRIMARY KEY ,
TENSP NVARCHAR(100) NOT NULL,
MUCKHUYENMAI FLOAT NULL CONSTRAINT DF_SANPHAM_MUCKHUYENMAI DEFAULT (0),
DONGIABAN FLOAT NOT NULL,
SLTON INT ,
DONVITINH NVARCHAR(20) NOT NULL,
MALOAISP NCHAR(6) NOT NULL,
MANCC NCHAR(6)  NOT NULL,
MAKHO NCHAR(6) NOT NULL
)



--- CREATE TABLE HOADON

CREATE TABLE HOADON
(
MAHD NCHAR(6) CONSTRAINT PK_HOADON_MAHD PRIMARY KEY ,
NGAYLAPHD DATE,
PTTT NVARCHAR(10) CONSTRAINT CK_HOADON_PTTT CHECK (PTTT IN('TM','CK')),
MANV NCHAR(6) NOT NULL,
MAKH NCHAR(6) NOT NULL
)

--- CREATE TABLE CTHOADON
CREATE TABLE CTHOADON
(
MAHD NCHAR(6) ,
MASP NCHAR(6) ,
SLBAN INT NOT NULL,
DONGIABAN FLOAT NOT NULL,
CONSTRAINT PK_CTHOADON_MAHD_MASP PRIMARY KEY ( MAHD, MASP)
)

--- CREATE TABLE PHIEUXUATKHO

CREATE TABLE PHIEUXUATKHO
(
MAXK NCHAR(6) CONSTRAINT PK_PHIEUXUATKHO_MAXK PRIMARY KEY ,
NGAYXUAT DATE,
MANV NCHAR(6),

)


---- CREATE CHITIETXUATKHO TABLE

CREATE TABLE CTPHIEUXUATKHO
(
MAXK NCHAR(6) ,
MASP NCHAR(6),
SLXUATKHO INT NOT NULL,
DONGIAXK FLOAT NOT NULL,
CONSTRAINT PK_CHITIETXUATKHO_MAXK_MASP PRIMARY KEY (MAXK, MASP)
)


----- CREATE PHIEUNHAPKHO TABLE
CREATE TABLE PHIEUNHAPKHO
(
MANK NCHAR(6) CONSTRAINT PK_PHIEUNHAPKHO_PHIEUNK PRIMARY KEY,
NGAYNHAP DATE,
MANV NCHAR(6),

)

------ CREATE CHITIETNHAPKHO TABLE

CREATE TABLE CTPHIEUNHAPKHO 
(
MANK NCHAR(6),
MASP NCHAR(6),
SLNHAPKHO INT NOT NULL,
DONGIANK FLOAT NOT NULL,
CONSTRAINT PK_CHITIETNHAPKHO_MANK_MASP PRIMARY KEY (MANK, MASP)
)

----- CREATE CONSTRAINT FOREIGN KEY FOR TABLES

--///// CREATE CONSTRAINT FOREIGN KEY FOR SANPHAM TABLE
ALTER TABLE SANPHAM
ADD CONSTRAINT FK_SANPHAM_MALOAISP FOREIGN KEY (MALOAISP) REFERENCES LOAISANPHAM(MALOAISP),
CONSTRAINT FK_SANPHAM_MANCC FOREIGN KEY (MANCC) REFERENCES NHACUNGCAP(MANCC),
CONSTRAINT FK_SANPHAM_MAKHO FOREIGN KEY (MAKHO) REFERENCES KHO (MAKHO)


--//// CREATE CONSTRAINT FOREIGN KEY FOR HOADON TABLE

ALTER TABLE HOADON
ADD CONSTRAINT FK_HOADON_MANV FOREIGN KEY (MANV) REFERENCES NHANVIEN(MANV),
CONSTRAINT FK_HOADON_MAKH FOREIGN KEY (MAKH) REFERENCES KHACHHANG (MAKH)


--///// CREATE CONSTRAINT FOREIGN KEY FOR CTHOADON TABLE

ALTER TABLE CTHOADON
ADD CONSTRAINT FK_CTHOADON_MAHD FOREIGN KEY (MAHD) REFERENCES HOADON(MAHD),
CONSTRAINT FK_CTHOADON_MASP FOREIGN KEY (MASP) REFERENCES SANPHAM(MASP)


--///// CREATE CONSTRAINT FOREIGN KEY FOR PHIEUXUATKHO TABLE
ALTER TABLE PHIEUXUATKHO
ADD CONSTRAINT FK_PHIEUXUATKHO_MANV FOREIGN KEY (MANV) REFERENCES NHANVIEN(MANV)


--////// CREATE CONSTRAIANT FOREIGN KEY FOR CTPHIEUXUATKHO TABLE

ALTER TABLE CTPHIEUXUATKHO 
ADD CONSTRAINT FK_CTPHIEUXUATKHO_MAXK FOREIGN KEY (MAXK) REFERENCES PHIEUXUATKHO(MAXK),
 CONSTRAINT FK_CTPHIEUXUATKHO_MASP FOREIGN KEY ( MASP) REFERENCES SANPHAM(MASP)

 --/////// CREATE CONSTRAINT FOREIGN KEY FOR PHIEUNHAPKHO TABLE
 ALTER TABLE PHIEUNHAPKHO
ADD CONSTRAINT PK_PHIEUNHAPKHO_MANV FOREIGN KEY(MANV) REFERENCES NHANVIEN(MANV)



---///// CREATE CONSTRAINT FOREIGN KEY FOR CTPHIEUNHAOKHO TABLE

ALTER TABLE CTPHIEUNHAPKHO
ADD CONSTRAINT FK_CTPHIEUNHAPKHO_MANK FOREIGN KEY (MANK) REFERENCES PHIEUNHAPKHO (MANK),
CONSTRAINT FK_CTPHIEUNHAPKHO_MASP FOREIGN KEY (MASP) REFERENCES SANPHAM(MASP)


-----------------------------------------------------------------------------------------------------------------------



 -------------------------

  ----/// DELETE DATA 
  DELETE FROM CTPHIEUNHAPKHO
  DELETE FROM CTPHIEUXUATKHO
  DELETE FROM PHIEUNHAPKHO
  DELETE FROM PHIEUXUATKHO
  DELETE FROM CTHOADON
  DELETE FROM HOADON
  DELETE FROM SANPHAM
  DELETE FROM LOAISANPHAM
  DELETE FROM KHO
  DELETE FROM NHACUNGCAP
  DELETE FROM KHACHHANG
  DELETE FROM NHANVIEN

  ---///////


  USE DOAN_JAVA

DELETE FROM NHANVIEN
--//// INSERT DATA FOR NHANVIEN TABLE
 INSERT INTO NHANVIEN
 VALUES('NV0001',N'Nguyễn Văn Tài','08/23/1996','Nam','NV', N'16,Trường Sa, Q3, TP.HCM','0342187395','vantai@gmail.com',1)
 INSERT INTO NHANVIEN
 VALUES('NV0002',N'Nguyễn Minh Ngọc','05/19/1997','Nu','NV', N' 12A,Ngô Quyền, Q5, TP.HCM','0987455332','minhngoc@gmail.com',1)
INSERT INTO NHANVIEN
 VALUES('NV0003',N'Lê Đức Tài','03/17/1996','Nam','NV', N' 32B/6A,Lê Văn Sỹ,Q3, TP.HCM','0123477577','ductaile@gmail.com',1)
 INSERT INTO NHANVIEN
 VALUES('NV0004',N'Hà Kim Khánh','06/01/1995','Nu','NV', N'100D, Điện Biên Phủ, Q. Bình Thanh, TP.HCM','0915567789','hkkhanh@gmail.com',2)
  INSERT INTO NHANVIEN
 VALUES('NV0005',N'Trần Nhật Toàn','04/22/1995','Nam','NV', N'67C, Lê Văn Việt, TP. Thủ Đức, TP.HCM','0918765432','tntoan@gmail.com',2)
  INSERT INTO NHANVIEN
 VALUES('NV0006',N'Lương Minh Chiến','09/10/1991','Nam','QLT', N'34B, Bình Thọ, TP. Thủ Đức, TP.HCM','0917666434','lmchien@gmail.com',2)
  INSERT INTO NHANVIEN
 VALUES('NV0007',N'Cao Thanh Phương','10/12/1998','Nu','KT', N'22B/4A, Đa Kao, Q1, TP.HCM','0915567789','ctphuong@gmail.com',3)
  INSERT INTO NHANVIEN
 VALUES('NV0008',N'Trần Kim Ngân','05/15/1997','Nu','KT', N'24F, Nguyễn Văn Cừ, Q5, TP.HCM','0913122333','tkngan@gmail.com',3)
  INSERT INTO NHANVIEN
 VALUES('NV0009',N'Trần Văn Thanh','01/11/1995','Nam','TK', N'10B, Võ Thị Sáu, Q3, TP.HCM','0918234123','tvthanh@gmail.com',3)
  INSERT INTO NHANVIEN
 VALUES('NV0010',N'Phạm Thanh Thảo','09/27/1992','Nu','NV', N'6D, Nguyễn Tri Phương, Q10, TP.HCM','0918888567','ptthao@gmail.com',3)
  INSERT INTO NHANVIEN
 VALUES('NV0011',N'Nguyễn Nhật Hào','06/03/1996','Nam','TK', N'48C, Nguyễn Thái Học, Q1, TP.HCM','0917666345','nnhao@gmail.com',4)
  INSERT INTO NHANVIEN
 VALUES('NV0012',N'Trần Huy Hùng','02/04/1994','Nam','NV', N'1A/2B, Trần Xuân Soạn, Q7, TP.HCM','0918999123','thhung@gmail.com',4)
  INSERT INTO NHANVIEN
 VALUES('NV0013',N'Phan Huyền My','09/09/1996','Nu','NV', N'13, Võ Văn Ngân, TP. Thủ Đức, TP.HCM','0917444789','phmy@gmail.com',4)
  INSERT INTO NHANVIEN
 VALUES('NV0014',N'Võ Văn Khánh','10/02/1995','Nam','NV', N'18C, Nguyễn Huệ, Q3, TP.HCM','0918000234','vvkhanh@gmail.com',4)
  INSERT INTO NHANVIEN
 VALUES('NV0015',N'Lê Đức Hùng','02/17/1998','Nam','TK', N'20, An Dương Vương, Q5, TPHCM','0918977654','ldhung@gmail.com',5)
 INSERT INTO NHANVIEN
 VALUES('NV0016',N'Nguyễn Ánh Ngân','08/01/1998','Nu','NV', N'23B, Võ Văn Tần, Q3, TP.HCM','0918555456','nangan@gmail.com',5)
INSERT INTO NHANVIEN
 VALUES('NV0017',N'Trần Tuyết Loan','04/04/1995','Nu','NV', N'11B, Hàng Xanh, Q.Bình Thạnh, TPHCM','0916345678','ttloan@gmail.com',5)
INSERT INTO NHANVIEN
 VALUES('NV0018',N'Phạm Minh Tuấn','07/28/1997','Nam','NV', N'275A5, An Phú, TP.Thủ Đức, TP.HCM','0918777987','pmtuan@gmail.com',5)
INSERT INTO NHANVIEN
 VALUES('NV0019',N'Trần Ngọc Nhi','05/12/1994','Nu','NV', N'9A, Đồng Khởi, Q1, TP.HCM','0918555789','tnnhi@gmail.com',5)
INSERT INTO NHANVIEN
 VALUES('NV0020',N'Nguyễn Anh Khoa','01/03/1997','Nam','NV', N'99B, Lý Thường Kiệt, Q.Tân Bình, TP.HCM','0918123789','nakhoa@gmail.com',5)


 ---
 SELECT * FROM NHANVIEN
 DELETE FROM KHACHHANG

 ---//// INSRET DATA FOR KHACHHANG TABLE 

 INSERT INTO KHACHHANG
 VALUES ('KH0001',N'Trương',N'Thị Lan Anh',N'108, Lê Tự Tài, Q3, TP.HCM','0912123345')
 INSERT INTO KHACHHANG
 VALUES ('KH0002',N'Nguyễn',N'Ngọc Ánh',N'15/13, Nguyễn Du, Q1, TP.HCM','0912345678')
INSERT INTO KHACHHANG
 VALUES ('KH0003',N'Nguyễn',N'Kim Chi',N'456/31, Cao Thắng, Q1, TP.HCM','0912678789')
INSERT INTO KHACHHANG
 VALUES ('KH0004',N'Phan',N'Trung Hiếu',N'20, Tô Hiến Thành, Q11, TP.HCM','0912789123')
INSERT INTO KHACHHANG
 VALUES ('KH0005',N'Nguyễn ',N'Thị Thanh Nga',N'6A, Nguyễn Trung Trực','0913234567')
INSERT INTO KHACHHANG
 VALUES ('KH0006',N'Trần ',N'Hữu Long',N'167, Sư Vạn Hạnh, Q5, TP.HCM','0913456678')
INSERT INTO KHACHHANG
 VALUES ('KH0007',N'Hà ',N'Quốc Khải',N'411/5, Cách Mạng Tháng 8, Q3, TP.HCM','0193345987')
INSERT INTO KHACHHANG
 VALUES ('KH0008',N'Cao ',N'Phương Ngân',N'330/12, Lê Hồng Phong, Q10, TP.HCM','0194123789')
INSERT INTO KHACHHANG
 VALUES ('KH0009',N'Phạm',N'Tuấn Thanh',N'133, Xô Viết Nghệ Tĩnh, Q. Bình Thạnh, TP.HCM','0914456123')
INSERT INTO KHACHHANG
 VALUES ('KH0010',N'Nguyễn',N'Minh Hùng',N'207, Nguyễn Văn Đậu, Q. Tân Bình, TP.HCM','0915567789')
INSERT INTO KHACHHANG
 VALUES ('KH0011',N'Trần ',N'Thị Loan',N'11, Huỳnh Văn Bánh, Q.Phú Nhuận, TP.HCM','0916234567')
INSERT INTO KHACHHANG
 VALUES ('KH0012',N'Phan ',N'Thanh Nhàn',N'291/12, Nguyễn Xí, Q1, TP.HCM','0916879435')
INSERT INTO KHACHHANG
 VALUES ('KH0013',N'Hồ',N'Đức Toàn',N'891/20, Nguyễn Kiệm, Q.Phú Nhuận, Tp.HCM','0916345231')
INSERT INTO KHACHHANG
 VALUES ('KH0014',N'Phan ',N'Văn Hậu',N'356, Hòa Hảo, Q1, TP.HCM','0917789990')
INSERT INTO KHACHHANG
 VALUES ('KH0015',N'Trần ',N'Khánh Linh',N'64, Trường Sa, Q3, TP.HCM','0917234657')
INSERT INTO KHACHHANG
 VALUES ('KH0016',N'Nguyễn',N'Minh Thơ',N'438/9, Ngô Gia Tự, Q5, TP.HCM','0918888345')
 INSERT INTO KHACHHANG
 VALUES ('KH0017',N'Tô',N'Ngọc Vân',N'1/6, Đinh Bộ Lĩnh, Q3, TP.HCM','0918222456')
INSERT INTO KHACHHANG
 VALUES ('KH0018',N'Hà',N'Bảo Nghi',N'390, Đường 3/2, Q10, TP.HCM','0919234432')
INSERT INTO KHACHHANG
 VALUES ('KH0019',N'Trần ',N'Gia Hân',N'19, Phạm Viết Chánh, Q.Bình Thạnh, TP.HCM','0918456654')
INSERT INTO KHACHHANG
 VALUES ('KH0020',N'Trương',N'Thành Tân',N'66, Nguyễn Thái Bình, Q1, TP.HCM','0918666567')
INSERT INTO KHACHHANG
 VALUES ('KH0021',N'Phạm',N'Bảo Long',N'12, Nguyễn Hữu Thọ, Q7, TP.HCM','0918888234')
INSERT INTO KHACHHANG
 VALUES ('KH0022',N'Nguyễn',N'Kim Tuyến',N'45A, Nguyễn Thị Thập, Q7, TP.HCM','0918909234')
INSERT INTO KHACHHANG
 VALUES ('KH0023',N'Trần ',N'Hạ Nhi',N'17, Phan Văn Trị, Q.Gò Vấp, TP.HCM','0918234767')
 INSERT INTO KHACHHANG
 VALUES ('KH0024',N'Bùi',N'Ngọc Hải',N'12, Thống Nhất, Q.Gò Vấp, TP.HCM','0919234678')
INSERT INTO KHACHHANG
 VALUES ('KH0025',N'Phạm',N'Minh Vương',N'29, Thanh Đa, Q.Bình Thạnh, TP.HCM','0918678323')


 SELECT * FROM KHACHHANG

 DELETE FROM NHACUNGCAP
 ---///// INSERT DATA FOR NHACUNGCAP TABLE
 INSERT INTO NHACUNGCAP
 VALUES ('NCC001', N'Công Ty Cố Phần Đại Thuận',N'42, Củ Chi, P.Vĩnh Hải, TP Nha Trang, Tỉnh Khánh Hòa','info@daithuan.vn')
 INSERT INTO NHACUNGCAP
 VALUES ('NCC002', N'Công Ty Cửa Hàng Tiện Lợi Gia Đình Việt Nam',N'123, Nguyễn Đình Chiểu, Phường 6, Quận 3, TP.HCM','info@famima.vn')
INSERT INTO NHACUNGCAP
 VALUES ('NCC003', N'Công ty Cổ Phần Thương mại - Bán lẻ Vicretail',N'53, Trần Nhân Tông, Hai Bà Trưng, Hà Nội','info@vicretail.vn')
 INSERT INTO NHACUNGCAP
 VALUES ('NCC004', N'Công ty TNHH Thực Phẩm Minh Trí',N'43 Đường số 25, khu phố 2, Phường Linh Đông, TP. Thủ Đức, TP.HCM','info@minhtri.vn')
INSERT INTO NHACUNGCAP
 VALUES ('NCC005', N'Công ty thương mại và dịch vụ thực phẩm số 1',N'Đường số 1, Phường Bình Thọ, TP. Thủ Đức, TP.HCM','info@tmdvso1.vn')

 SELECT * FROM NHACUNGCAP

 ---/// INSERT DATA FOR KHO TABLE

 INSERT INTO KHO
 VALUES('Q10001','GS25 Transfromation Center',N'106, Nguyễn Giản Thanh, Phường 15, Quận 10, TP.HCM')
 INSERT INTO KHO
 VALUES('Q10002','GS25 CJGMD',N'63, Lò Lu, Trường Thạnh, Tp. Thủ Đức, TP.HCM')
INSERT INTO KHO
 VALUES('Q10003','GS25 CJTMV',N'89, Hiệp Phú, TP. Thủ Đức, TP.HCM')
 INSERT INTO KHO
 VALUES('Q10004','GS25 CJAMT',N'43/29, Phan Văn Đối, ấp Tiền Lân 1, xã Bà Điểm, Hóc Môn, TP.HCM')


 ------
 SELECT * FROM KHO

 DELETE FROM KHO

 ----/// INSERT DATA FOR LOAISANPHAM TABLE 
 
 INSERT INTO LOAISANPHAM
 VALUES('TA0001',N'Thức ăn')
 INSERT INTO LOAISANPHAM
 VALUES('NU0002',N'Nước uống')
 INSERT INTO LOAISANPHAM
 VALUES('FR0003',N'Trái cây- rau tươi')
 INSERT INTO LOAISANPHAM
 VALUES('BE0004',N'Chăm sóc sắc đẹp')
 
 ---
 SELECT * FROM LOAISANPHAM


DELETE  FROM SANPHAM


-----------------------------------------------
 ----/// INSERT DATA FOR SANPHAM TABLE
 INSERT INTO SANPHAM( MASP,TENSP,DONGIABAN,SLTON,DONVITINH,MALOAISP,MANCC,MAKHO)
 VALUES ('SP0001',N'Cơm bắp bò phô mai',41000,100,N'Hộp','TA0001','NCC002','Q10001')
 INSERT INTO SANPHAM( MASP,TENSP,DONGIABAN,SLTON,DONVITINH,MALOAISP,MANCC,MAKHO)
 VALUES ('SP0002',N'Mỳ ý thịt viên',39000,80,N'Hộp','TA0001','NCC002','Q10001')
 INSERT INTO SANPHAM( MASP,TENSP,DONGIABAN,SLTON,DONVITINH,MALOAISP,MANCC,MAKHO)
 VALUES ('SP0003',N'Cơm cá hồi đại dương',69000,100,N'Hộp','TA0001','NCC002', 'Q10004')
 INSERT INTO SANPHAM( MASP,TENSP,DONGIABAN,SLTON,DONVITINH,MALOAISP,MANCC,MAKHO)
 VALUES ('SP0004',N'Sandwich Dâu Hàn Quốc',39000,120,N'Gói','TA0001','NCC002', 'Q10003')
 INSERT INTO SANPHAM( MASP,TENSP,DONGIABAN,SLTON,DONVITINH,MALOAISP,MANCC,MAKHO)
 VALUES ('SP0005',N'Sushi siêu nhiều vị',29000,90,N'Hộp','TA0001','NCC002','Q10001')
 INSERT INTO SANPHAM( MASP,TENSP,DONGIABAN,SLTON,DONVITINH,MALOAISP,MANCC,MAKHO)
 VALUES ('SP0006',N'Sandwich trái cây nhiệt đới ',43000,84,N'Gói','TA0001','NCC002','Q10002')
 INSERT INTO SANPHAM( MASP,TENSP,DONGIABAN,SLTON,DONVITINH,MALOAISP,MANCC,MAKHO)
 VALUES ('SP0007',N'Cơm gà Cajun Cari',35000,90,N'Hộp','TA0001','NCC002','Q10003')
INSERT INTO SANPHAM( MASP,TENSP,DONGIABAN,SLTON,DONVITINH,MALOAISP,MANCC,MAKHO)
 VALUES ('SP0008',N'Cơm chiên hải sản',32000,130,N'Hộp','TA0001','NCC002','Q10004')
INSERT INTO SANPHAM( MASP,TENSP,DONGIABAN,SLTON,DONVITINH,MALOAISP,MANCC,MAKHO)
 VALUES ('SP0009',N'Mỳ Ý xúc xích',32000,88,N'Hộp','TA0001','NCC002','Q10002')
INSERT INTO SANPHAM( MASP,TENSP,DONGIABAN,SLTON,DONVITINH,MALOAISP,MANCC,MAKHO)
 VALUES ('SP0010',N'Topokki lắc phomai',21000,100,N'Hộp','TA0001','NCC002', 'Q10003')
 INSERT INTO SANPHAM( MASP,TENSP,DONGIABAN,SLTON,DONVITINH,MALOAISP,MANCC,MAKHO)
 VALUES ('SP0011',N'Đùi gà rán',27000,92,N'Cái','TA0001','NCC002', 'Q10004')
INSERT INTO SANPHAM( MASP,TENSP,DONGIABAN,SLTON,DONVITINH,MALOAISP,MANCC,MAKHO)
 VALUES ('SP0012',N'Topokki đường phố',25000,50,N'Hộp','TA0001','NCC002', 'Q10004')
INSERT INTO SANPHAM( MASP,TENSP,DONGIABAN,SLTON,DONVITINH,MALOAISP,MANCC,MAKHO)
 VALUES ('SP0013',N'Gà nướng Hàn Quốc',18000,30,N'Xâu','TA0001','NCC002', 'Q10003')
INSERT INTO SANPHAM( MASP,TENSP,DONGIABAN,SLTON,DONVITINH,MALOAISP,MANCC,MAKHO)
 VALUES ('SP0014',N'Gà Kara-Age',18000,35,N'Xâu','TA0001','NCC002','Q10001')
 INSERT INTO SANPHAM( MASP,TENSP,DONGIABAN,SLTON,DONVITINH,MALOAISP,MANCC,MAKHO)
 VALUES ('SP0015',N'Hotdog Korea',18000,20,N'Cái','TA0001','NCC002', 'Q10002')
INSERT INTO SANPHAM( MASP,TENSP,DONGIABAN,SLTON,DONVITINH,MALOAISP,MANCC,MAKHO)
 VALUES ('SP0016',N'Mì trộn xúc xích',15000,42,N'Hộp','TA0001','NCC002', 'Q10001')
INSERT INTO SANPHAM( MASP,TENSP,DONGIABAN,SLTON,DONVITINH,MALOAISP,MANCC,MAKHO)
 VALUES ('SP0017',N'Mì cay Hàn Quốc',31000,35,N'Hộp','TA0001','NCC002','Q10003')
 INSERT INTO SANPHAM( MASP,TENSP,DONGIABAN,SLTON,DONVITINH,MALOAISP,MANCC,MAKHO)
 VALUES ('SP0018',N'Rapokki',38000,25,N'Hộp','TA0001','NCC002','Q10003')
 INSERT INTO SANPHAM( MASP,TENSP,DONGIABAN,SLTON,DONVITINH,MALOAISP,MANCC,MAKHO)
 VALUES ('SP0019',N'Topokki',18000,20,N'Hộp','TA0001','NCC002', 'Q10003')
 INSERT INTO SANPHAM( MASP,TENSP,DONGIABAN,SLTON,DONVITINH,MALOAISP,MANCC,MAKHO)
 VALUES ('SP0020',N'Japchae',29000,35,N'Hộp','TA0001','NCC002','Q10001')
INSERT INTO SANPHAM( MASP,TENSP,DONGIABAN,SLTON,DONVITINH,MALOAISP,MANCC,MAKHO)
 VALUES ('SP0021',N'Gimbap cá ngừ mayo',33000,33,N'Hộp','TA0001','NCC002', 'Q10004')
 INSERT INTO SANPHAM( MASP,TENSP,DONGIABAN,SLTON,DONVITINH,MALOAISP,MANCC, MAKHO)
 VALUES ('SP0022',N'Sandwich nướng kẹp thịt nguội và phô mai ',23000,70,N'Gói','TA0001','NCC002', 'Q10001')
INSERT INTO SANPHAM( MASP,TENSP,DONGIABAN,SLTON,DONVITINH,MALOAISP,MANCC,MAKHO)
 VALUES ('SP0023',N'Sandwich thịt nguội phô mai',22000,30,N'Gói','TA0001','NCC002', 'Q10002')
 INSERT INTO SANPHAM( MASP,TENSP,DONGIABAN,SLTON,DONVITINH,MALOAISP,MANCC,MAKHO)
 VALUES ('SP0024',N'Sandwich thịt nguội và trứng chiên',24000,40,N'Gói','TA0001','NCC002', 'Q10003')
INSERT INTO SANPHAM( MASP,TENSP,DONGIABAN,SLTON,DONVITINH,MALOAISP,MANCC,MAKHO)
 VALUES ('SP0025',N'Sandwich trứng mayo',17000,45,N'Gói','TA0001','NCC002', 'Q10002')
 INSERT INTO SANPHAM( MASP,TENSP,DONGIABAN,SLTON,DONVITINH,MALOAISP,MANCC,MAKHO)
 VALUES ('SP0026',N'Sandwich tôm chiên và trứng mayo',22000,50,N'Gói','TA0001','NCC002', 'Q10002')
 INSERT INTO SANPHAM( MASP,TENSP,DONGIABAN,SLTON,DONVITINH,MALOAISP,MANCC,MAKHO)
 VALUES ('SP0027',N'Cơm trộn Hàn Quốc',32000,55,N'Hộp','TA0001','NCC002','Q10001')
 INSERT INTO SANPHAM( MASP,TENSP,DONGIABAN,SLTON,DONVITINH,MALOAISP,MANCC,MAKHO)
 VALUES ('SP0028',N'Cơm chiên dương châu',35000,60,N'Hộp','TA0001','NCC002','Q10004')
 INSERT INTO SANPHAM( MASP,TENSP,DONGIABAN,SLTON,DONVITINH,MALOAISP,MANCC,MAKHO)
 VALUES ('SP0029',N'Trà Olong nóng',15000,100,N'Ly','NU0002','NCC002', 'Q10002')
 INSERT INTO SANPHAM( MASP,TENSP,DONGIABAN,SLTON,DONVITINH,MALOAISP,MANCC,MAKHO)
 VALUES ('SP0030',N'Sinh tố mâm xôi đỏ',39000,95,N'Ly','NU0002','NCC002','Q10003')
INSERT INTO SANPHAM( MASP,TENSP,DONGIABAN,SLTON,DONVITINH,MALOAISP,MANCC,MAKHO)
 VALUES ('SP0031',N'Sinh tố dưa lưới',22000,50,N'Ly','NU0002','NCC002','Q10002')
 INSERT INTO SANPHAM( MASP,TENSP,DONGIABAN,SLTON,DONVITINH,MALOAISP,MANCC,MAKHO)
 VALUES ('SP0032',N'Sinh tố dâu',22000,55,N'Ly','NU0002','NCC002','Q10001')
 INSERT INTO SANPHAM( MASP,TENSP,DONGIABAN,SLTON,DONVITINH,MALOAISP,MANCC,MAKHO)
 VALUES ('SP0033',N'Slush HERSHEY socola sữa',20000,60,N'Ly','NU0002','NCC002', 'Q10004')
INSERT INTO SANPHAM( MASP,TENSP,DONGIABAN,SLTON,DONVITINH,MALOAISP,MANCC,MAKHO)
 VALUES ('SP0034',N'Slush dâu',15000,45,N'Ly','NU0002','NCC002', 'Q10002')
INSERT INTO SANPHAM( MASP,TENSP,DONGIABAN,SLTON,DONVITINH,MALOAISP,MANCC,MAKHO)
 VALUES ('SP0035',N'Trà sâu',9000,40,N'Ly','NU0002','NCC002', 'Q10001')
INSERT INTO SANPHAM( MASP,TENSP,DONGIABAN,SLTON,DONVITINH,MALOAISP,MANCC,MAKHO)
 VALUES ('SP0036',N'Trà sữa',17000,30,N'Ly','NU0002','NCC002','Q10004')
 INSERT INTO SANPHAM( MASP,TENSP,DONGIABAN,SLTON,DONVITINH,MALOAISP,MANCC,MAKHO)
 VALUES ('SP0037',N'Trà đào',18000,32,N'Ly','NU0002','NCC002','Q10002')
 INSERT INTO SANPHAM( MASP,TENSP,DONGIABAN,SLTON,DONVITINH,MALOAISP,MANCC,MAKHO)
 VALUES ('SP0038',N'Xà lách lolo xanh 300g',20000,50,N'Túi','FR0003','NCC001','Q10001')
INSERT INTO SANPHAM( MASP,TENSP,DONGIABAN,SLTON,DONVITINH,MALOAISP,MANCC,MAKHO)
 VALUES ('SP0039',N'Tỏi 100g',13000,45,N'Túi','FR0003','NCC001', 'Q10004')
 INSERT INTO SANPHAM( MASP,TENSP,DONGIABAN,SLTON,DONVITINH,MALOAISP,MANCC,MAKHO)
 VALUES ('SP0040',N'Rau muống 300-350g',13000,44,N'Túi','FR0003','NCC001', 'Q10002')
INSERT INTO SANPHAM( MASP,TENSP,DONGIABAN,SLTON,DONVITINH,MALOAISP,MANCC,MAKHO)
 VALUES ('SP0041',N'Rau mồng tơi 220-250g',13000,40,N'Túi','FR0003','NCC001','Q10004')
INSERT INTO SANPHAM( MASP,TENSP,DONGIABAN,SLTON,DONVITINH,MALOAISP,MANCC,MAKHO)
 VALUES ('SP0042',N'Khoai tây vàng 700g',20000,41,N'Túi','FR0003','NCC001','Q10001')
INSERT INTO SANPHAM( MASP,TENSP,DONGIABAN,SLTON,DONVITINH,MALOAISP,MANCC,MAKHO)
 VALUES ('SP0043',N'Khổ qua 200g',8000,45,N'Túi','FR0003','NCC001','Q10003')
INSERT INTO SANPHAM( MASP,TENSP,DONGIABAN,SLTON,DONVITINH,MALOAISP,MANCC, MAKHO)
 VALUES ('SP0044',N'Hành Paro',12000,35,N'Bó','FR0003','NCC001', 'Q10003')
INSERT INTO SANPHAM( MASP,TENSP,DONGIABAN,SLTON,DONVITINH,MALOAISP,MANCC, MAKHO)
 VALUES ('SP0045',N'Dưa leo cocktail 500g',15000,40,N'Túi','FR0003','NCC001','Q10004')
 INSERT INTO SANPHAM( MASP,TENSP,DONGIABAN,SLTON,DONVITINH,MALOAISP,MANCC,MAKHO)
 VALUES ('SP0046',N'Đậu bắp 200g',10000,44,N'Túi','FR0003','NCC001', 'Q10002')
 INSERT INTO SANPHAM( MASP,TENSP,DONGIABAN,SLTON,DONVITINH,MALOAISP,MANCC,MAKHO)
 VALUES ('SP0047',N'Củ hành tím 100g',13000,40,N'Túi','FR0003','NCC001','Q10003')
 INSERT INTO SANPHAM( MASP,TENSP,DONGIABAN,SLTON,DONVITINH,MALOAISP,MANCC,MAKHO)
 VALUES ('SP0048',N'Cải thìa 220-250g',14000,35,N'Túi','FR0003','NCC001','Q10001')
INSERT INTO SANPHAM( MASP,TENSP,DONGIABAN,SLTON,DONVITINH,MALOAISP,MANCC,MAKHO)
 VALUES ('SP0049',N'Cải thảo 700-900g',17000,46,N'Cái','FR0003','NCC001', 'Q10004')
INSERT INTO SANPHAM( MASP,TENSP,DONGIABAN,SLTON,DONVITINH,MALOAISP,MANCC,MAKHO)
 VALUES ('SP0050',N'Cải ngọt 220-250g',14000,48,N'Túi','FR0003','NCC001', 'Q10003')
INSERT INTO SANPHAM( MASP,TENSP,DONGIABAN,SLTON,DONVITINH,MALOAISP,MANCC,MAKHO)
 VALUES ('SP0051',N'Cải ngồng 220-250g',15000,44,N'Túi','FR0003','NCC001','Q10002')
INSERT INTO SANPHAM( MASP,TENSP,DONGIABAN,SLTON,DONVITINH,MALOAISP,MANCC,MAKHO)
 VALUES ('SP0052',N'Cải bẹ xanh 220-250g',14000,40,N'Túi','FR0003','NCC001','Q10002')
INSERT INTO SANPHAM( MASP,TENSP,DONGIABAN,SLTON,DONVITINH,MALOAISP,MANCC,MAKHO)
 VALUES ('SP0053',N'Cà chua trứng 400-500g',20000,50,N'Hộp','FR0003','NCC001', 'Q10001')
INSERT INTO SANPHAM( MASP,TENSP,DONGIABAN,SLTON,DONVITINH,MALOAISP,MANCC,MAKHO)
 VALUES ('SP0054',N'Cà chua cocktail 250gg',15000,45,N'Hộp','FR0003','NCC001','Q10001')
INSERT INTO SANPHAM( MASP,TENSP,DONGIABAN,SLTON,DONVITINH,MALOAISP,MANCC,MAKHO)
 VALUES ('SP0055',N'Cà chua cherry dài 250g',15000,45,N'Hộp','FR0003','NCC001','Q10001')
INSERT INTO SANPHAM( MASP,TENSP,DONGIABAN,SLTON,DONVITINH,MALOAISP,MANCC,MAKHO)
 VALUES ('SP0056',N'Bí xanh 500-600g',18000,46,N'Hộp','FR0003','NCC001','Q10001')
INSERT INTO SANPHAM( MASP,TENSP,DONGIABAN,SLTON,DONVITINH,MALOAISP,MANCC,MAKHO)
 VALUES ('SP0057',N'Bí đỏ hồ lô 500-600g',19000,40,N'Trái','FR0003','NCC001','Q10001')
INSERT INTO SANPHAM( MASP,TENSP,DONGIABAN,SLTON,DONVITINH,MALOAISP,MANCC,MAKHO)
 VALUES ('SP0058',N'Bắp cải 700-1000g',19000,45,N'Trái','FR0003','NCC001','Q10002')
INSERT INTO SANPHAM( MASP,TENSP,DONGIABAN,SLTON,DONVITINH,MALOAISP,MANCC, MAKHO)
 VALUES ('SP0059',N'KRM Oxy100g - Perfect wash',72000,100,N'Tuýt','BE0004','NCC001','Q10002')
INSERT INTO SANPHAM( MASP,TENSP,DONGIABAN,SLTON,DONVITINH,MALOAISP,MANCC,MAKHO)
 VALUES ('SP0060',N'KRM Oxy100g - Deep wash',75000,120,N'Tuýt','BE0004','NCC001','Q10002')
INSERT INTO SANPHAM( MASP,TENSP,DONGIABAN,SLTON,DONVITINH,MALOAISP,MANCC,MAKHO)
 VALUES ('SP0061',N'KRM Oxy 100g - Total anti acne',75000,100,N'Tuýt','BE0004','NCC001','Q10002')
 INSERT INTO SANPHAM( MASP,TENSP,DONGIABAN,SLTON,DONVITINH,MALOAISP,MANCC,MAKHO)
 VALUES ('SP0062',N'X-MEN FOR BOSS xịt khử mùi',115000,120,N'Tuýt','BE0004','NCC001','Q10002')
INSERT INTO SANPHAM( MASP,TENSP,DONGIABAN,SLTON,DONVITINH,MALOAISP,MANCC,MAKHO)
 VALUES ('SP0063',N'X-MEN FOR BOSS xịt toàn thân Mann UP Alr 50ml',118000,150,N'Tuýt','BE0004','NCC001', 'Q10002')
 INSERT INTO SANPHAM( MASP,TENSP,DONGIABAN,SLTON,DONVITINH,MALOAISP,MANCC, MAKHO)
 VALUES ('SP0064',N'Bamboo Kem đánh răng muối',45000,120,N'Tuýt','BE0004','NCC001','Q10003')
INSERT INTO SANPHAM( MASP,TENSP,DONGIABAN,SLTON,DONVITINH,MALOAISP,MANCC,MAKHO)
 VALUES ('SP0065',N'DBLRICH Nutrition dưỡng tóc',72000,114,N'Tuýt','BE0004','NCC001','Q10003')
INSERT INTO SANPHAM( MASP,TENSP,DONGIABAN,SLTON,DONVITINH,MALOAISP,MANCC, MAKHO)
 VALUES ('SP0066',N'Bamboo Gel DR trắng răng 285g',185000,90,N'Tuýt','BE0004','NCC001','Q10003')
INSERT INTO SANPHAM( MASP,TENSP,DONGIABAN,SLTON,DONVITINH,MALOAISP,MANCC,MAKHO)
 VALUES ('SP0067',N'On the body ST Blue&Raspberry 200g',690000,85,N'Chai','BE0004','NCC001','Q10003')
INSERT INTO SANPHAM( MASP,TENSP,DONGIABAN,SLTON,DONVITINH,MALOAISP,MANCC,MAKHO)
 VALUES ('SP0068',N'Bông tẩy trang Jomi 120 miếng',33000,75,N'Túi','BE0004','NCC001','Q10003')
 INSERT INTO SANPHAM( MASP,TENSP,DONGIABAN,SLTON,DONVITINH,MALOAISP,MANCC,MAKHO)
 VALUES ('SP0069',N'Dernal mặt nạ tinh chất collagen ngọc trai ',16000,71,N'Túi','BE0004','NCC001', 'Q10003')
INSERT INTO SANPHAM( MASP,TENSP,DONGIABAN,SLTON,DONVITINH,MALOAISP,MANCC,MAKHO)
 VALUES ('SP0070',N'Dermal Mặt nạ tinh chất collagen lô hội',16000,70,N'Túi','BE0004','NCC001', 'Q10003')
INSERT INTO SANPHAM( MASP,TENSP,DONGIABAN,SLTON,DONVITINH,MALOAISP,MANCC, MAKHO)
 VALUES ('SP0071',N'Senka Perfect Aqua mặt nạ dưỡng chất',36000,70,N'Túi','BE0004','NCC001', 'Q10004')
INSERT INTO SANPHAM( MASP,TENSP,DONGIABAN,SLTON,DONVITINH,MALOAISP,MANCC,MAKHO)
 VALUES ('SP0072',N'JOMI thấm dầu 70 tờ',55000,50,N'Gói','BE0004','NCC001', 'Q10004')
INSERT INTO SANPHAM( MASP,TENSP,DONGIABAN,SLTON,DONVITINH,MALOAISP,MANCC,MAKHO)
 VALUES ('SP0073',N'LAURIER Siêu Mỏng BV Ngày 8M 30cm',43000,65,N'Hộp','BE0004','NCC001','Q10004')
INSERT INTO SANPHAM( MASP,TENSP,DONGIABAN,SLTON,DONVITINH,MALOAISP,MANCC,MAKHO)
 VALUES ('SP0074',N'LAURIER Siêu mỏng hương anh đào',46000,70,N'Hộp','BE0004','NCC001','Q10004')
INSERT INTO SANPHAM( MASP,TENSP,DONGIABAN,SLTON,DONVITINH,MALOAISP,MANCC,MAKHO)
 VALUES ('SP0075',N'BIORE UV SPF 50+ sáng hồng 30ml',105000,80,N'Chai','BE0004','NCC001','Q10004')
 INSERT INTO SANPHAM( MASP,TENSP,DONGIABAN,SLTON,DONVITINH,MALOAISP,MANCC,MAKHO)
 VALUES ('SP0076',N'Romani tắm gội 2 trong 1 classic 180g',57000,55,N'Chai','BE0004','NCC001','Q10004')
INSERT INTO SANPHAM( MASP,TENSP,DONGIABAN,SLTON,DONVITINH,MALOAISP,MANCC,MAKHO)
 VALUES ('SP0077',N'Romano Bọt cạo râu',76000,60,N'Chai','BE0004','NCC001','Q10004')
INSERT INTO SANPHAM( MASP,TENSP,DONGIABAN,SLTON,DONVITINH,MALOAISP,MANCC,MAKHO)
 VALUES ('SP0078',N'Lột mụn cám than hoạt tính 4M MAYAN',26000,55,N'Chai','BE0004','NCC001','Q10004')
INSERT INTO SANPHAM( MASP,TENSP,DONGIABAN,SLTON,DONVITINH,MALOAISP,MANCC,MAKHO)
 VALUES ('SP0079',N'Serum kháng bụi mát lạnh BIORE',81000,65,N'Chai','BE0004','NCC001','Q10004')
INSERT INTO SANPHAM( MASP,TENSP,DONGIABAN,SLTON,DONVITINH,MALOAISP,MANCC,MAKHO)
 VALUES ('SP0080',N'Dr.Her xịt khoáng dưỡng da 150ml',125000,60,N'Chai','BE0004','NCC001','Q10004')
INSERT INTO SANPHAM( MASP,TENSP,DONGIABAN,SLTON,DONVITINH,MALOAISP,MANCC,MAKHO)
 VALUES ('SP0081',N'Bông tẩy trang JOMI 80 miếng',30000,62,N'Túi','BE0004','NCC001','Q10004')
INSERT INTO SANPHAM( MASP,TENSP,DONGIABAN,SLTON,DONVITINH,MALOAISP,MANCC, MAKHO)
 VALUES ('SP0082',N'Bổng tẩy trang Thổ Nhĩ Kỳ Ipek 80 miếng',26000,60,N'Túi','BE0004','NCC001','Q10001')
INSERT INTO SANPHAM( MASP,TENSP,DONGIABAN,SLTON,DONVITINH,MALOAISP,MANCC,MAKHO)
 VALUES ('SP0083',N'Senka nước tẩy trang 230ml',111000,55,N'Chai','BE0004','NCC001','Q10001')
 INSERT INTO SANPHAM( MASP,TENSP,DONGIABAN,SLTON,DONVITINH,MALOAISP,MANCC,MAKHO)
 VALUES ('SP0084',N'Miếng dán giảm sẹo Somaderm',37000,50,N'Hộp','BE0004','NCC001','Q10004')
INSERT INTO SANPHAM( MASP,TENSP,DONGIABAN,SLTON,DONVITINH,MALOAISP,MANCC,MAKHO)
 VALUES ('SP0085',N'Băng keo dán mụn Neoderm',35000,55,N'Hộp','BE0004','NCC001', 'Q10003')
INSERT INTO SANPHAM( MASP,TENSP,DONGIABAN,SLTON,DONVITINH,MALOAISP,MANCC,MAKHO)
 VALUES ('SP0086',N'Mặt nạ dưỡng da giảm lão hóa Biocell',30000,50,N'Miếng','BE0004','NCC001', 'Q10003')
INSERT INTO SANPHAM( MASP,TENSP,DONGIABAN,SLTON,DONVITINH,MALOAISP,MANCC,MAKHO)
 VALUES ('SP0087',N'Mặt nạ dưỡng ẩm chuyên sâu Biocell',30000,52,N'Miếng','BE0004','NCC001','Q10001')
INSERT INTO SANPHAM( MASP,TENSP,DONGIABAN,SLTON,DONVITINH,MALOAISP,MANCC,MAKHO)
 VALUES ('SP0088',N'Sửa rữa mặt SENKA PERFECT WHITECLAY',95000,64,N'Tuýt','BE0004','NCC001','Q10004')

 -----
 SELECT * FROM SANPHAM


 --/// INSERT DATA FOR HOADON TABLE
 INSERT INTO HOADON
 VALUES ('S00001','04/01/2022','TM','NV0001','KH0001')
 INSERT INTO HOADON
 VALUES ('S00002','04/02/2022','TM','NV0001','KH0002')
 INSERT INTO HOADON
 VALUES ('S00003','04/03/2022','CK','NV0001','KH0003')
 INSERT INTO HOADON
 VALUES ('S00004','04/01/2022','CK','NV0002','KH0004')
 INSERT INTO HOADON
 VALUES ('S00005','04/01/2022','TM','NV0002','KH0005')
 INSERT INTO HOADON
 VALUES ('S00006','04/02/2022','TM','NV0002','KH0006')
 INSERT INTO HOADON
 VALUES ('S00007','04/02/2022','CK','NV0003','KH0007')
 INSERT INTO HOADON
 VALUES ('S00008','04/02/2022','CK','NV0003','KH0008')
 INSERT INTO HOADON
 VALUES ('S00009','04/02/2022','TM','NV0003','KH0009')
 INSERT INTO HOADON
 VALUES ('S00010','04/02/2022','TM','NV0003','KH0010')
 INSERT INTO HOADON
 VALUES ('S00011','04/03/2022','CK','NV0003','KH0011')
 INSERT INTO HOADON
 VALUES ('S00012','04/03/2022','CK','NV0004','KH0012')
 INSERT INTO HOADON
 VALUES ('S00013','04/03/2022','TM','NV0004','KH0013')
 INSERT INTO HOADON
 VALUES ('S00014','04/03/2022','TM','NV0005','KH0014')
 INSERT INTO HOADON
 VALUES ('S00015','04/01/2022','CK','NV0010','KH0015')
 INSERT INTO HOADON
 VALUES ('S00016','04/04/2022','CK','NV0010','KH0016')
 INSERT INTO HOADON
 VALUES ('S00017','04/04/2022','TM','NV0010','KH0017')
 INSERT INTO HOADON
 VALUES ('S00018','04/04/2022','TM','NV0012','KH0018')
 INSERT INTO HOADON
 VALUES ('S00019','04/04/2022','CK','NV0012','KH0019')
 INSERT INTO HOADON
 VALUES ('S00020','04/04/2022','CK','NV0012','KH0020')
 INSERT INTO HOADON
 VALUES ('S00021','04/05/2022','TM','NV0013','KH0021')
 INSERT INTO HOADON
 VALUES ('S00022','04/05/2022','TM','NV0013','KH0022')
 INSERT INTO HOADON
 VALUES ('S00023','04/05/2022','CK','NV0013','KH0023')
 INSERT INTO HOADON
 VALUES ('S00024','04/05/2022','CK','NV0014','KH0024')
 INSERT INTO HOADON
 VALUES ('S00025','04/05/2022','TM','NV0014','KH0025')
 INSERT INTO HOADON
 VALUES ('S00026','04/06/2022','TM','NV0014','KH0001')
 INSERT INTO HOADON
 VALUES ('S00027','04/06/2022','CK','NV0016','KH0002')
 INSERT INTO HOADON
 VALUES ('S00028','04/06/2022','CK','NV0016','KH0003')
 INSERT INTO HOADON
 VALUES ('S00029','04/06/2022','TM','NV0016','KH0003')
 INSERT INTO HOADON
 VALUES ('S00030','04/06/2022','TM','NV0018','KH0005')
 INSERT INTO HOADON
 VALUES ('S00031','04/07/2022','CK','NV0018','KH0006')
 INSERT INTO HOADON
 VALUES ('S00032','04/07/2022','CK','NV0018','KH0007')
 INSERT INTO HOADON
 VALUES ('S00033','04/07/2022','TM','NV0019','KH0008')
 INSERT INTO HOADON
 VALUES ('S00034','04/08/2022','TM','NV0020','KH0009')
 INSERT INTO HOADON
 VALUES ('S00035','04/07/2022','CK','NV0020','KH0010')
 INSERT INTO HOADON
 VALUES ('S00036','04/08/2022','CK','NV0020','KH0011')
 INSERT INTO HOADON
 VALUES ('S00037','04/08/2022','TM','NV0001','KH0013')
 INSERT INTO HOADON
 VALUES ('S00038','04/08/2022','TM','NV0001','KH0013')
 INSERT INTO HOADON
 VALUES ('S00039','04/08/2022','CK','NV0001','KH0014')
 INSERT INTO HOADON
 VALUES ('S00040','04/08/2022','CK','NV0002','KH0015')
 INSERT INTO HOADON
 VALUES ('S00041','04/09/2022','TM','NV0002','KH0016')
 INSERT INTO HOADON
 VALUES ('S00042','04/09/2022','TM','NV0002','KH0017')
 INSERT INTO HOADON
 VALUES ('S00043','04/09/2022','CK','NV0003','KH0018')
 INSERT INTO HOADON
 VALUES ('S00044','04/09/2022','TM','NV0003','KH0019')
 INSERT INTO HOADON
 VALUES ('S00045','04/09/2022','TM','NV0003','KH0020')
 INSERT INTO HOADON
 VALUES ('S00046','04/10/2022','TM','NV0004','KH0021')
 INSERT INTO HOADON
 VALUES ('S00047','04/10/2022','CK','NV0004','KH0022')
INSERT INTO HOADON
 VALUES ('S00048','04/10/2022','CK','NV0004','KH0023')
 INSERT INTO HOADON
 VALUES ('S00049','04/10/2022','TM','NV0005','KH0024')
  INSERT INTO HOADON
 VALUES ('S00050','04/10/2022','TM','NV0005','KH0025')


 ---------
 SELECT * FROM HOADON


 ---------
 DELETE FROM CTHOADON

 ----/// INSERT DATA FOR CTHOADON TABLE
 INSERT INTO CTHOADON 
 VALUES ('S00001','SP0001',1,41000)
 INSERT INTO CTHOADON 
 VALUES ('S00001','SP0029',2,15000)
 INSERT INTO CTHOADON 
 VALUES ('S00002','SP0003',1,69000)
 INSERT INTO CTHOADON 
 VALUES ('S00003','SP0030',2,39000)
 INSERT INTO CTHOADON 
 VALUES ('S00003','SP0005',1,29000)
 INSERT INTO CTHOADON 
 VALUES ('S00004','SP0031',2,22000)
 INSERT INTO CTHOADON 
 VALUES ('S00005','SP0007',1,35000)
 INSERT INTO CTHOADON 
 VALUES ('S00005','SP0032',2,22000)
 INSERT INTO CTHOADON 
 VALUES ('S00006','SP0009',1,32000)
 INSERT INTO CTHOADON 
 VALUES ('S00007','SP0033',1,20000)
 INSERT INTO CTHOADON 
 VALUES ('S00007','SP0011',2,27000)
 INSERT INTO CTHOADON 
 VALUES ('S00008','SP0034',2,15000)
 INSERT INTO CTHOADON 
 VALUES ('S00009','SP0013',1,18000)
  INSERT INTO CTHOADON 
 VALUES ('S00010','SP0015',2,18000)
  INSERT INTO CTHOADON 
 VALUES ('S00011','SP0036',2,17000)
  INSERT INTO CTHOADON 
 VALUES ('S00012','SP0037',1,18000)
  INSERT INTO CTHOADON 
 VALUES ('S00013','SP0019',2,18000)
  INSERT INTO CTHOADON 
 VALUES ('S00013','SP0038',5,20000)
  INSERT INTO CTHOADON 
 VALUES ('S00014','SP0021',3,33000)
  INSERT INTO CTHOADON 
 VALUES ('S00015','SP0039',1,13000)
  INSERT INTO CTHOADON 
 VALUES ('S00016','SP0023',2,22000)
 INSERT INTO CTHOADON 
 VALUES ('S00016','SP0040',3,13000)
 INSERT INTO CTHOADON 
 VALUES ('S00017','SP0025',2,27000)
 INSERT INTO CTHOADON 
 VALUES ('S00018','SP0041',3,13000)
 INSERT INTO CTHOADON 
 VALUES ('S00018','SP0027',2,32000)
 INSERT INTO CTHOADON 
 VALUES ('S00019','SP0042',1,20000)
 INSERT INTO CTHOADON 
 VALUES ('S00020','SP0029',1,15000)
 INSERT INTO CTHOADON 
 VALUES ('S00020','SP0043',1,8000)
 INSERT INTO CTHOADON 
 VALUES ('S00021','SP0002',2,49000)
 INSERT INTO CTHOADON 
 VALUES ('S00022','SP0044',1,12000)
 INSERT INTO CTHOADON 
 VALUES ('S00022','SP0004',2,39000)
 INSERT INTO CTHOADON 
 VALUES ('S00023','SP0045',2,15000)
 INSERT INTO CTHOADON 
 VALUES ('S00024','SP0008',1,32000)
 INSERT INTO CTHOADON 
 VALUES ('S00025','SP0046',3,10000)
 INSERT INTO CTHOADON 
 VALUES ('S00026','SP0047',2,13000)
 INSERT INTO CTHOADON 
 VALUES ('S00027','SP0012',2,25000)
 INSERT INTO CTHOADON 
 VALUES ('S00027','SP0048',1,14000)
 INSERT INTO CTHOADON 
 VALUES ('S00028','SP0014',1,18000)
 INSERT INTO CTHOADON 
 VALUES ('S00029','SP0049',1,17000)
 INSERT INTO CTHOADON 
 VALUES ('S00029','SP0016',1,15000)
 INSERT INTO CTHOADON 
 VALUES ('S00030','SP0050',1,14000)
 INSERT INTO CTHOADON 
 VALUES ('S00031','SP0018',1,14000)
 INSERT INTO CTHOADON 
 VALUES ('S00031','SP0051',2,15000)
 INSERT INTO CTHOADON 
 VALUES ('S00022','SP0020',2,29000)
 INSERT INTO CTHOADON 
 VALUES ('S00025','SP0010',2,21000)
 INSERT INTO CTHOADON 
 VALUES ('S00032','SP0020',2,29000)
 INSERT INTO CTHOADON 
 VALUES ('S00033','SP0052',2,14000)
 INSERT INTO CTHOADON 
 VALUES ('S00033','SP0022',1,23000)
 INSERT INTO CTHOADON 
 VALUES ('S00034','SP0053',2,20000)
 INSERT INTO CTHOADON 
 VALUES ('S00035','SP0024',3,24000)
 INSERT INTO CTHOADON 
 VALUES ('S00035','SP0054',2,15000)
 INSERT INTO CTHOADON 
 VALUES ('S00036','SP0026',1,22000)
 INSERT INTO CTHOADON 
 VALUES ('S00037','SP0055',4,15000)
 INSERT INTO CTHOADON 
 VALUES ('S00037','SP0028',2,35000)
 INSERT INTO CTHOADON 
 VALUES ('S00038','SP0056',1,18000)
 INSERT INTO CTHOADON 
 VALUES ('S00039','SP0029',5,15000)
 INSERT INTO CTHOADON 
 VALUES ('S00039','SP0057',2,19000)
 INSERT INTO CTHOADON 
 VALUES ('S00040','SP0031',1,22000)
 INSERT INTO CTHOADON 
 VALUES ('S00041','SP0058',2,19000)
 INSERT INTO CTHOADON 
 VALUES ('S00041','SP0033',3,20000)
 INSERT INTO CTHOADON 
 VALUES ('S00042','SP0059',4,72000)
  INSERT INTO CTHOADON 
 VALUES ('S00043','SP0035',2,9000)
  INSERT INTO CTHOADON 
 VALUES ('S00043','SP0060',4,75000)
  INSERT INTO CTHOADON 
 VALUES ('S00044','SP0037',1,18000)
  INSERT INTO CTHOADON 
 VALUES ('S00045','SP0061',2,75000)
  INSERT INTO CTHOADON 
 VALUES ('S00046','SP0039',1,13000)
  INSERT INTO CTHOADON 
 VALUES ('S00046','SP0062',1,119000)
  INSERT INTO CTHOADON 
 VALUES ('S00047','SP0001',1,41900)
  INSERT INTO CTHOADON 
 VALUES ('S00048','SP0063',1,118000)
  INSERT INTO CTHOADON 
 VALUES ('S00049','SP0004',1,39000)
  INSERT INTO CTHOADON 
 VALUES ('S00049','SP0064',2,45000)
  INSERT INTO CTHOADON 
 VALUES ('S00050','SP0007',2,35000)
  INSERT INTO CTHOADON 
 VALUES ('S00001','SP0065',1,72000)
  INSERT INTO CTHOADON 
 VALUES ('S00003','SP0010',3,21000)
  INSERT INTO CTHOADON 
 VALUES ('S00005','SP0066',2,185000)
  INSERT INTO CTHOADON 
 VALUES ('S00007','SP0013',2,18000)
  INSERT INTO CTHOADON 
 VALUES ('S00009','SP0067',2,69000)
   INSERT INTO CTHOADON 
 VALUES ('S00014','SP0068',1,33000)
  INSERT INTO CTHOADON 
 VALUES ('S00016','SP0019',2,18000)
  INSERT INTO CTHOADON 
 VALUES ('S00018','SP0019',2,18000)
  INSERT INTO CTHOADON 
 VALUES ('S00020','SP0057',2,19000)
  INSERT INTO CTHOADON 
 VALUES ('S00021','SP0080',1,123000)
  INSERT INTO CTHOADON 
 VALUES ('S00023','SP0025',2,17000)
  INSERT INTO CTHOADON 
 VALUES ('S00025','SP0081',1,30000)
  INSERT INTO CTHOADON 
 VALUES ('S00027','SP0028',1,35000)
  INSERT INTO CTHOADON 
 VALUES ('S00029','SP0082',1,26000)
  INSERT INTO CTHOADON 
 VALUES ('S00030','SP0001',3,41000)
  INSERT INTO CTHOADON 
 VALUES ('S00032','SP0084',2,37000)
  INSERT INTO CTHOADON 
 VALUES ('S00034','SP0029',1,15000)
  INSERT INTO CTHOADON 
 VALUES ('S00036','SP0088',4,95000)
  INSERT INTO CTHOADON 
 VALUES ('S00038','SP0002',2,39000)
  INSERT INTO CTHOADON 
 VALUES ('S00040','SP0029',1,15000)
  INSERT INTO CTHOADON 
 VALUES ('S00041','SP0003',2,69000)
  INSERT INTO CTHOADON 
 VALUES ('S00043','SP0030',2,39000)
  INSERT INTO CTHOADON 
 VALUES ('S00045','SP0004',2,59000)
  INSERT INTO CTHOADON 
 VALUES ('S00047','SP0031',1,22000)
  INSERT INTO CTHOADON 
 VALUES ('S00049','SP0005',1,29000)
  INSERT INTO CTHOADON 
 VALUES ('S00050','SP0032',1,22000)


 -----

 select * from CTHOADON
 -------
  
  ---//// INSERT DATA FOR PHIEUNHAPKHO TABLE
  INSERT INTO PHIEUNHAPKHO
  VALUES ('NK0001','03/01/2022','NV0011')
  INSERT INTO PHIEUNHAPKHO
  VALUES ('NK0002','03/06/2022','NV0011')
  INSERT INTO PHIEUNHAPKHO
  VALUES ('NK0003','03/11/2022','NV0011')
  INSERT INTO PHIEUNHAPKHO
  VALUES ('NK0004','03/16/2022','NV0011')
  INSERT INTO PHIEUNHAPKHO
  VALUES ('NK0005','03/21/2022','NV0011')
  INSERT INTO PHIEUNHAPKHO
  VALUES ('NK0006','03/26/2022','NV0011')
  INSERT INTO PHIEUNHAPKHO
  VALUES ('NK0007','03/31/2022','NV0011')
  INSERT INTO PHIEUNHAPKHO
  VALUES ('NK0008','04/05/2022','NV0011')
  INSERT INTO PHIEUNHAPKHO
  VALUES ('NK0009','04/10/2022','NV0011')
  INSERT INTO PHIEUNHAPKHO
  VALUES ('NK0010','04/10/2022','NV0011')
  INSERT INTO PHIEUNHAPKHO
  VALUES ('NK0011','04/10/2022','NV0011')
  INSERT INTO PHIEUNHAPKHO
  VALUES ('NK0012','04/11/2022','NV0011')
  INSERT INTO PHIEUNHAPKHO
  VALUES ('NK0013','04/11/2022','NV0011')
   INSERT INTO PHIEUNHAPKHO
  VALUES ('NK0014','03/11/2022','NV0011')
   INSERT INTO PHIEUNHAPKHO
  VALUES ('NK0015','03/11/2022','NV0011')
   INSERT INTO PHIEUNHAPKHO
  VALUES ('NK0016','03/11/2022','NV0011')
   INSERT INTO PHIEUNHAPKHO
  VALUES ('NK0017','03/11/2022','NV0011')
   INSERT INTO PHIEUNHAPKHO
  VALUES ('NK0018','03/11/2022','NV0011')
   INSERT INTO PHIEUNHAPKHO
  VALUES ('NK0019','03/10/2022','NV0011')
   INSERT INTO PHIEUNHAPKHO
  VALUES ('NK0020','03/09/2022','NV0011')
   INSERT INTO PHIEUNHAPKHO
  VALUES ('NK0021','03/09/2022','NV0011')
   INSERT INTO PHIEUNHAPKHO
  VALUES ('NK0022','04/11/2022','NV0011')
   INSERT INTO PHIEUNHAPKHO
  VALUES ('NK0023','03/11/2022','NV0011')
   INSERT INTO PHIEUNHAPKHO
  VALUES ('NK0024','04/11/2022','NV0011')
    INSERT INTO PHIEUNHAPKHO
  VALUES ('NK0025','04/11/2022','NV0011')
   INSERT INTO PHIEUNHAPKHO
  VALUES ('NK0026','04/07/2022','NV0011')
   INSERT INTO PHIEUNHAPKHO
  VALUES ('NK0027','04/06/2022','NV0011')
   INSERT INTO PHIEUNHAPKHO
  VALUES ('NK0028','04/11/2022','NV0011')
   INSERT INTO PHIEUNHAPKHO
  VALUES ('NK0029','04/07/2022','NV0011')
   INSERT INTO PHIEUNHAPKHO
  VALUES ('NK0030','04/08/2022','NV0011')
   INSERT INTO PHIEUNHAPKHO
  VALUES ('NK0031','04/04/2022','NV0011')
   INSERT INTO PHIEUNHAPKHO
  VALUES ('NK0032','03/08/2022','NV0011')
   INSERT INTO PHIEUNHAPKHO
  VALUES ('NK0033','03/05/2022','NV0011')
   INSERT INTO PHIEUNHAPKHO
  VALUES ('NK0034','04/11/2022','NV0011')
    INSERT INTO PHIEUNHAPKHO
  VALUES ('NK0035','04/10/2022','NV0011')
    INSERT INTO PHIEUNHAPKHO
  VALUES ('NK0036','04/01/2022','NV0011')
    INSERT INTO PHIEUNHAPKHO
  VALUES ('NK0037','04/07/2022','NV0011')
    INSERT INTO PHIEUNHAPKHO
  VALUES ('NK0038','02/11/2022','NV0011')
    INSERT INTO PHIEUNHAPKHO
  VALUES ('NK0039','02/11/2022','NV0011')
    INSERT INTO PHIEUNHAPKHO
  VALUES ('NK0040','01/11/2022','NV0011')
    INSERT INTO PHIEUNHAPKHO
  VALUES ('NK0041','01/14/2022','NV0011')
   INSERT INTO PHIEUNHAPKHO
  VALUES ('NK0042','01/13/2022','NV0011')
   INSERT INTO PHIEUNHAPKHO
  VALUES ('NK0043','01/14/2022','NV0011')
   INSERT INTO PHIEUNHAPKHO
  VALUES ('NK0044','02/11/2022','NV0011')
   INSERT INTO PHIEUNHAPKHO
  VALUES ('NK0045','03/18/2022','NV0011')
   INSERT INTO PHIEUNHAPKHO
  VALUES ('NK0046','02/19/2022','NV0011')
   INSERT INTO PHIEUNHAPKHO
  VALUES ('NK0047','01/11/2022','NV0011')
   INSERT INTO PHIEUNHAPKHO
  VALUES ('NK0048','01/11/2022','NV0011')
   INSERT INTO PHIEUNHAPKHO
  VALUES ('NK0049','01/11/2022','NV0011')
     INSERT INTO PHIEUNHAPKHO
  VALUES ('NK0050','04/11/2022','NV0011')
    ----------
  SELECT * FROM PHIEUNHAPKHO


  ---/// INSERT DATA FOR CTPHIEUNHAPKHO TABLE
  INSERT INTO CTPHIEUNHAPKHO
  VALUES ('NK0001','SP0001',200,38000)
   INSERT INTO CTPHIEUNHAPKHO
  VALUES ('NK0001','SP0002',200,36000)
   INSERT INTO CTPHIEUNHAPKHO
  VALUES ('NK0002','SP0003',200,66000)
   INSERT INTO CTPHIEUNHAPKHO
  VALUES ('NK0002','SP0004',200,36000)
   INSERT INTO CTPHIEUNHAPKHO
  VALUES ('NK0003','SP0005',300,26000)
   INSERT INTO CTPHIEUNHAPKHO
  VALUES ('NK0003','SP0006',250,40000)
   INSERT INTO CTPHIEUNHAPKHO
  VALUES ('NK0004','SP0007',300,32000)
   INSERT INTO CTPHIEUNHAPKHO
  VALUES ('NK0004','SP0008',200,29000)
   INSERT INTO CTPHIEUNHAPKHO
  VALUES ('NK0005','SP0009',300,29000)
   INSERT INTO CTPHIEUNHAPKHO
  VALUES ('NK0005','SP0010',350,18000)
   INSERT INTO CTPHIEUNHAPKHO
  VALUES ('NK0006','SP0011',200,24000)
   INSERT INTO CTPHIEUNHAPKHO
  VALUES ('NK0006','SP0012',200,22000)
   INSERT INTO CTPHIEUNHAPKHO
  VALUES ('NK0007','SP0013',300,15000)
   INSERT INTO CTPHIEUNHAPKHO
  VALUES ('NK0008','SP0015',200,15000)
   INSERT INTO CTPHIEUNHAPKHO
  VALUES ('NK0008','SP0016',150,12000)
   INSERT INTO CTPHIEUNHAPKHO
  VALUES ('NK0009','SP0017',200,28000)
   INSERT INTO CTPHIEUNHAPKHO
  VALUES ('NK0010','SP0019',200,15000)
   INSERT INTO CTPHIEUNHAPKHO
  VALUES ('NK0011','SP0021',300,30000)
   INSERT INTO CTPHIEUNHAPKHO
  VALUES ('NK0011','SP0022',350,20000)
   INSERT INTO CTPHIEUNHAPKHO
  VALUES ('NK0012','SP0023',300,19000)
   INSERT INTO CTPHIEUNHAPKHO
  VALUES ('NK0012','SP0024',250,21000)
   INSERT INTO CTPHIEUNHAPKHO
  VALUES ('NK0013','SP0025',200,14000)
   INSERT INTO CTPHIEUNHAPKHO
  VALUES ('NK0013','SP0026',250,19000)
   INSERT INTO CTPHIEUNHAPKHO
  VALUES ('NK0014','SP0027',200,29000)
   INSERT INTO CTPHIEUNHAPKHO
  VALUES ('NK0014','SP0028',250,32000)
   INSERT INTO CTPHIEUNHAPKHO
  VALUES ('NK0015','SP0029',250,12000)
   INSERT INTO CTPHIEUNHAPKHO
  VALUES ('NK0015','SP0030',250,36000)
    INSERT INTO CTPHIEUNHAPKHO
  VALUES ('NK0016','SP0031',100,19000)
    INSERT INTO CTPHIEUNHAPKHO
  VALUES ('NK0016','SP0032',200,19000)
    INSERT INTO CTPHIEUNHAPKHO
  VALUES ('NK0017','SP0033',300,17000)
    INSERT INTO CTPHIEUNHAPKHO
  VALUES ('NK0017','SP0034',250,12000)
    INSERT INTO CTPHIEUNHAPKHO
  VALUES ('NK0018','SP0035',200,6000)
    INSERT INTO CTPHIEUNHAPKHO
  VALUES ('NK0018','SP0036',250,14000)
    INSERT INTO CTPHIEUNHAPKHO
  VALUES ('NK0019','SP0037',250,16000)
    INSERT INTO CTPHIEUNHAPKHO
  VALUES ('NK0019','SP0038',250,17000)
    INSERT INTO CTPHIEUNHAPKHO
  VALUES ('NK0020','SP0039',250,10000)
    INSERT INTO CTPHIEUNHAPKHO
  VALUES ('NK0020','SP0040',200,100000)
    INSERT INTO CTPHIEUNHAPKHO
  VALUES ('NK0021','SP0041',100,100000)
    INSERT INTO CTPHIEUNHAPKHO
  VALUES ('NK0022','SP0042',150,17000)
    INSERT INTO CTPHIEUNHAPKHO
  VALUES ('NK0022','SP0043',100,5000)
    INSERT INTO CTPHIEUNHAPKHO
  VALUES ('NK0023','SP0044',150,9000)
    INSERT INTO CTPHIEUNHAPKHO
  VALUES ('NK0023','SP0045',200,12000)
    INSERT INTO CTPHIEUNHAPKHO
  VALUES ('NK0024','SP0046',250,7000)
    INSERT INTO CTPHIEUNHAPKHO
  VALUES ('NK0024','SP0047',250,100000)
    INSERT INTO CTPHIEUNHAPKHO
  VALUES ('NK0025','SP0048',200,11000)
    INSERT INTO CTPHIEUNHAPKHO
  VALUES ('NK0025','SP0049',200,14000)
    INSERT INTO CTPHIEUNHAPKHO
  VALUES ('NK0026','SP0050',200,11000)
    INSERT INTO CTPHIEUNHAPKHO
  VALUES ('NK0026','SP0051',150,12000)
    INSERT INTO CTPHIEUNHAPKHO
  VALUES ('NK0027','SP0052',150,11000)
    INSERT INTO CTPHIEUNHAPKHO
  VALUES ('NK0027','SP0053',200,17000)
    INSERT INTO CTPHIEUNHAPKHO
  VALUES ('NK0028','SP0054',250,12000)
    INSERT INTO CTPHIEUNHAPKHO
  VALUES ('NK0028','SP0055',200,12000)
    INSERT INTO CTPHIEUNHAPKHO
  VALUES ('NK0029','SP0056',200,15000)
    INSERT INTO CTPHIEUNHAPKHO
  VALUES ('NK0029','SP0057',250,16000)
    INSERT INTO CTPHIEUNHAPKHO
  VALUES ('NK0030','SP0058',250,16000)
      INSERT INTO CTPHIEUNHAPKHO
  VALUES ('NK0030','SP0059',200,69000)
      INSERT INTO CTPHIEUNHAPKHO
  VALUES ('NK0031','SP0060',100,72000)
      INSERT INTO CTPHIEUNHAPKHO
  VALUES ('NK0031','SP0061',150,72000)
      INSERT INTO CTPHIEUNHAPKHO
  VALUES ('NK0032','SP0062',200,112000)
      INSERT INTO CTPHIEUNHAPKHO
  VALUES ('NK0032','SP0063',250,115000)
      INSERT INTO CTPHIEUNHAPKHO
  VALUES ('NK0033','SP0064',300,42000)
      INSERT INTO CTPHIEUNHAPKHO
  VALUES ('NK0033','SP0065',250,69000)
      INSERT INTO CTPHIEUNHAPKHO
  VALUES ('NK0034','SP0066',250,182000)
      INSERT INTO CTPHIEUNHAPKHO
  VALUES ('NK0034','SP0067',200,66000)
      INSERT INTO CTPHIEUNHAPKHO
  VALUES ('NK0035','SP0068',150,30000)
      INSERT INTO CTPHIEUNHAPKHO
  VALUES ('NK0035','SP0069',200,13000)
      INSERT INTO CTPHIEUNHAPKHO
  VALUES ('NK0036','SP0070',200,13000)
      INSERT INTO CTPHIEUNHAPKHO
  VALUES ('NK0036','SP0071',250,33000)
      INSERT INTO CTPHIEUNHAPKHO
  VALUES ('NK0037','SP0072',200,52000)
      INSERT INTO CTPHIEUNHAPKHO
  VALUES ('NK0037','SP0073',100,40000)
      INSERT INTO CTPHIEUNHAPKHO
  VALUES ('NK0038','SP0074',100,52000)
      INSERT INTO CTPHIEUNHAPKHO
  VALUES ('NK0038','SP0075',105,102000)
      INSERT INTO CTPHIEUNHAPKHO
  VALUES ('NK0039','SP0076',150,54000)
      INSERT INTO CTPHIEUNHAPKHO
  VALUES ('NK0039','SP0077',200,73000)
      INSERT INTO CTPHIEUNHAPKHO
  VALUES ('NK0040','SP0078',100,23000)
      INSERT INTO CTPHIEUNHAPKHO
  VALUES ('NK0040','SP0079',100,78000)
      INSERT INTO CTPHIEUNHAPKHO
  VALUES ('NK0041','SP0080',150,122000)
      INSERT INTO CTPHIEUNHAPKHO
  VALUES ('NK0041','SP0081',150,27000)
      INSERT INTO CTPHIEUNHAPKHO
  VALUES ('NK0042','SP0082',150,23000)
      INSERT INTO CTPHIEUNHAPKHO
  VALUES ('NK0042','SP0083',150,16000)
      INSERT INTO CTPHIEUNHAPKHO
  VALUES ('NK0043','SP0084',150,34000)
      INSERT INTO CTPHIEUNHAPKHO
  VALUES ('NK0043','SP0085',150,32000)
      INSERT INTO CTPHIEUNHAPKHO
  VALUES ('NK0044','SP0086',150,27000)
      INSERT INTO CTPHIEUNHAPKHO
  VALUES ('NK0044','SP0087',150,27000)
      INSERT INTO CTPHIEUNHAPKHO
  VALUES ('NK0045','SP0002',250,16000)
      INSERT INTO CTPHIEUNHAPKHO
  VALUES ('NK0046','SP0004',100,36000)
      INSERT INTO CTPHIEUNHAPKHO
  VALUES ('NK0047','SP0004',150,36000)
      INSERT INTO CTPHIEUNHAPKHO
  VALUES ('NK0047','SP0003',200,66000)
      INSERT INTO CTPHIEUNHAPKHO
  VALUES ('NK0048','SP0006',250,40000)
      INSERT INTO CTPHIEUNHAPKHO
  VALUES ('NK0048','SP0007',200,32000)
      INSERT INTO CTPHIEUNHAPKHO
  VALUES ('NK0049','SP0008',200,29000)
        INSERT INTO CTPHIEUNHAPKHO
  VALUES ('NK0049','SP0009',200,29000)
        INSERT INTO CTPHIEUNHAPKHO
  VALUES ('NK0050','SP0010',100,18000)
        INSERT INTO CTPHIEUNHAPKHO
  VALUES ('NK0050','SP0011',150,24000)

  --------------

  SELECT * FROM CTPHIEUNHAPKHO

  ---/// INSERT DATA FOR PHIEUXUATKHO TABLE

  INSERT INTO PHIEUXUATKHO
  VALUES('XK0001','04/12/2022','NV0011')
  INSERT INTO PHIEUXUATKHO
  VALUES('XK0002','04/13/2022','NV0011')
  INSERT INTO PHIEUXUATKHO
  VALUES('XK0003','04/12/2022','NV0011')
  INSERT INTO PHIEUXUATKHO
  VALUES('XK0004','04/12/2022','NV0011')
  INSERT INTO PHIEUXUATKHO
  VALUES('XK0005','04/12/2022','NV0011')
  INSERT INTO PHIEUXUATKHO
  VALUES('XK0006','04/12/2022','NV0011')
  INSERT INTO PHIEUXUATKHO
  VALUES('XK0007','04/12/2022','NV0011')
  INSERT INTO PHIEUXUATKHO
  VALUES('XK0008','04/12/2022','NV0011')
  INSERT INTO PHIEUXUATKHO
  VALUES('XK0009','04/12/2022','NV0011')
  INSERT INTO PHIEUXUATKHO
  VALUES('XK0010','04/12/2022','NV0011')
  INSERT INTO PHIEUXUATKHO
  VALUES('XK0011','04/12/2022','NV0011')
  INSERT INTO PHIEUXUATKHO
  VALUES('XK0012','04/13/2022','NV0011')
    INSERT INTO PHIEUXUATKHO
  VALUES('XK0013','04/13/2022','NV0011')
    INSERT INTO PHIEUXUATKHO
  VALUES('XK0014','04/13/2022','NV0011')
    INSERT INTO PHIEUXUATKHO
  VALUES('XK0015','04/13/2022','NV0011')
    INSERT INTO PHIEUXUATKHO
  VALUES('XK0016','04/13/2022','NV0011')
    INSERT INTO PHIEUXUATKHO
  VALUES('XK0017','04/13/2022','NV0011')
    INSERT INTO PHIEUXUATKHO
  VALUES('XK0018','04/13/2022','NV0011')
    INSERT INTO PHIEUXUATKHO
  VALUES('XK0019','04/13/2022','NV0011')
    INSERT INTO PHIEUXUATKHO
  VALUES('XK0020','04/13/2022','NV0011')
    INSERT INTO PHIEUXUATKHO
  VALUES('XK0021','04/13/2022','NV0011')
    INSERT INTO PHIEUXUATKHO
  VALUES('XK0022','04/13/2022','NV0011')
    INSERT INTO PHIEUXUATKHO
  VALUES('XK0023','04/13/2022','NV0011')
    INSERT INTO PHIEUXUATKHO
  VALUES('XK0024','04/13/2022','NV0011')
    INSERT INTO PHIEUXUATKHO
  VALUES('XK0025','04/14/2022','NV0011')
     INSERT INTO PHIEUXUATKHO
  VALUES('XK0026','04/14/2022','NV0015')
   INSERT INTO PHIEUXUATKHO
  VALUES('XK0027','04/14/2022','NV0015')
 INSERT INTO PHIEUXUATKHO
  VALUES('XK0028','04/14/2022','NV0015')
 INSERT INTO PHIEUXUATKHO
  VALUES('XK0029','04/14/2022','NV0015')
 INSERT INTO PHIEUXUATKHO
  VALUES('XK0030','04/14/2022','NV0015')
 INSERT INTO PHIEUXUATKHO
  VALUES('XK0031','04/14/2022','NV0015')
 INSERT INTO PHIEUXUATKHO
  VALUES('XK0032','04/14/2022','NV0015')
 INSERT INTO PHIEUXUATKHO
  VALUES('XK0033','04/14/2022','NV0015')
 INSERT INTO PHIEUXUATKHO
  VALUES('XK0034','04/14/2022','NV0015')
 INSERT INTO PHIEUXUATKHO
  VALUES('XK0035','04/14/2022','NV0015')
 INSERT INTO PHIEUXUATKHO
  VALUES('XK0036','04/14/2022','NV0015')
 INSERT INTO PHIEUXUATKHO
  VALUES('XK0037','04/14/2022','NV0015')
 INSERT INTO PHIEUXUATKHO
  VALUES('XK0038','04/14/2022','NV0015')
  INSERT INTO PHIEUXUATKHO
  VALUES('XK0039','04/14/2022','NV0015')
  INSERT INTO PHIEUXUATKHO
  VALUES('XK0040','04/15/2022','NV0015')
   INSERT INTO PHIEUXUATKHO
  VALUES('XK0041','04/15/2022','NV0015')
    INSERT INTO PHIEUXUATKHO
  VALUES('XK0042','04/15/2022','NV0015')
    INSERT INTO PHIEUXUATKHO
  VALUES('XK0043','04/15/2022','NV0015')
    INSERT INTO PHIEUXUATKHO
  VALUES('XK0044','04/15/2022','NV0015')
    INSERT INTO PHIEUXUATKHO
  VALUES('XK0045','04/15/2022','NV0015')
    INSERT INTO PHIEUXUATKHO
  VALUES('XK0046','04/15/2022','NV0015')
    INSERT INTO PHIEUXUATKHO
  VALUES('XK0047','04/15/2022','NV0015')
    INSERT INTO PHIEUXUATKHO
  VALUES('XK0048','04/15/2022','NV0015')
    INSERT INTO PHIEUXUATKHO
  VALUES('XK0049','04/15/2022','NV0015')
    INSERT INTO PHIEUXUATKHO
  VALUES('XK0050','04/15/2022','NV0015')
    INSERT INTO PHIEUXUATKHO
  VALUES('XK0051','04/15/2022','NV0015')


  ----------------
  SELECT * FROM PHIEUXUATKHO

  ---//// INSERT DATA FOR CTPHIEUXUATKHO TABLE
  INSERT INTO CTPHIEUXUATKHO
  VALUES ('XK0001','SP0061',170,73000)
  INSERT INTO CTPHIEUXUATKHO
  VALUES ('XK0001','SP0062',170,113000)
  INSERT INTO CTPHIEUXUATKHO
  VALUES ('XK0002','SP0063',170,116000)
  INSERT INTO CTPHIEUXUATKHO
  VALUES ('XK0002','SP0064',170,43000)
  INSERT INTO CTPHIEUXUATKHO
  VALUES ('XK0003','SP0065',270,70000)
  INSERT INTO CTPHIEUXUATKHO
  VALUES ('XK0003','SP0066',220,183000)
  INSERT INTO CTPHIEUXUATKHO
  VALUES ('XK0004','SP0067',270,67000)
  INSERT INTO CTPHIEUXUATKHO
  VALUES ('XK0004','SP0068',170,67000)
  INSERT INTO CTPHIEUXUATKHO
  VALUES ('XK0004','SP0069',270,140000)
  INSERT INTO CTPHIEUXUATKHO
  VALUES ('XK0005','SP0070',320,14000)
  INSERT INTO CTPHIEUXUATKHO
  VALUES ('XK0006','SP0071',320,14000)
  INSERT INTO CTPHIEUXUATKHO
  VALUES ('XK0006','SP0072',170,34000)
  INSERT INTO CTPHIEUXUATKHO
  VALUES ('XK0007','SP0073',270,41000)
  INSERT INTO CTPHIEUXUATKHO
  VALUES ('XK0007','SP0074',220,44000)
  INSERT INTO CTPHIEUXUATKHO
  VALUES ('XK0008','SP0075',170,103000)
  INSERT INTO CTPHIEUXUATKHO
  VALUES ('XK0008','SP0076',120,55000)
  INSERT INTO CTPHIEUXUATKHO
  VALUES ('XK0009','SP0077',170,74000)
  INSERT INTO CTPHIEUXUATKHO
  VALUES ('XK0009','SP0078',220,24000)
  INSERT INTO CTPHIEUXUATKHO
  VALUES ('XK0010','SP0079',170,79000)
  INSERT INTO CTPHIEUXUATKHO
  VALUES ('XK0010','SP0080',170,123000)
  INSERT INTO CTPHIEUXUATKHO
  VALUES ('XK0011','SP0081',270,28000)
  INSERT INTO CTPHIEUXUATKHO
  VALUES ('XK0011','SP0082',320,24000)
  INSERT INTO CTPHIEUXUATKHO
  VALUES ('XK0012','SP0083',270,109000)
  INSERT INTO CTPHIEUXUATKHO
  VALUES ('XK0012','SP0084',220,35000)
  INSERT INTO CTPHIEUXUATKHO
  VALUES ('XK0013','SP0085',170,33000)
  INSERT INTO CTPHIEUXUATKHO
  VALUES ('XK0013','SP0086',220,28000)
  INSERT INTO CTPHIEUXUATKHO
  VALUES ('XK0014','SP0087',170,28000)
  INSERT INTO CTPHIEUXUATKHO
  VALUES ('XK0014','SP0088',170,93000)
  INSERT INTO CTPHIEUXUATKHO
  VALUES ('XK0015','SP0002',170,73000)
  INSERT INTO CTPHIEUXUATKHO
  VALUES ('XK0015','SP0004',170,73000)
  INSERT INTO CTPHIEUXUATKHO
  VALUES ('XK0016','SP0004',170,73000)
  INSERT INTO CTPHIEUXUATKHO
  VALUES ('XK0017','SP0003',270,67000)
  INSERT INTO CTPHIEUXUATKHO
  VALUES ('XK0017','SP0006',230,41000)
  INSERT INTO CTPHIEUXUATKHO
  VALUES ('XK0018','SP0007',170,73000)
  INSERT INTO CTPHIEUXUATKHO
  VALUES ('XK0018','SP0008',220,30000)
  INSERT INTO CTPHIEUXUATKHO
  VALUES ('XK0019','SP0009',220,30000)
  INSERT INTO CTPHIEUXUATKHO
  VALUES ('XK0019','SP0010',220,25000)
  INSERT INTO CTPHIEUXUATKHO
  VALUES ('XK0020','SP0011',220,39000)
  INSERT INTO CTPHIEUXUATKHO
  VALUES ('XK0021','SP0002',70,37000)
  INSERT INTO CTPHIEUXUATKHO
  VALUES ('XK0022','SP0003',120,67000)
  INSERT INTO CTPHIEUXUATKHO
  VALUES ('XK0022','SP0004',70,67000)
  INSERT INTO CTPHIEUXUATKHO
  VALUES ('XK0023','SP0005',120,17000)
  INSERT INTO CTPHIEUXUATKHO
  VALUES ('XK0023','SP0006',170,41000)
  INSERT INTO CTPHIEUXUATKHO
  VALUES ('XK0024','SP0007',220,33000)
  INSERT INTO CTPHIEUXUATKHO
  VALUES ('XK0024','SP0008',220,30000)
  INSERT INTO CTPHIEUXUATKHO
  VALUES ('XK0025','SP0009',170,30000)
  INSERT INTO CTPHIEUXUATKHO
  VALUES ('XK0025','SP0010',170,19000)
  INSERT INTO CTPHIEUXUATKHO
  VALUES ('XK0026','SP0011',170,25000)
  INSERT INTO CTPHIEUXUATKHO
  VALUES ('XK0026','SP0012',120,23000)
    INSERT INTO CTPHIEUXUATKHO
  VALUES ('XK0026','SP0012',120,23000)
    INSERT INTO CTPHIEUXUATKHO
  VALUES ('XK0027','SP0013',120,16000)
    INSERT INTO CTPHIEUXUATKHO
  VALUES ('XK0027','SP0014',170,16000)
    INSERT INTO CTPHIEUXUATKHO
  VALUES ('XK0028','SP0015',220,16000)
    INSERT INTO CTPHIEUXUATKHO
  VALUES ('XK0028','SP0016',170,13000)
    INSERT INTO CTPHIEUXUATKHO
  VALUES ('XK0029','SP0017',170,29000)
    INSERT INTO CTPHIEUXUATKHO
  VALUES ('XK0029','SP0018',220,36000)
    INSERT INTO CTPHIEUXUATKHO
  VALUES ('XK0030','SP0019',220,16000)
    INSERT INTO CTPHIEUXUATKHO
  VALUES ('XK0030','SP0020',170,27000)
    INSERT INTO CTPHIEUXUATKHO
  VALUES ('XK0031','SP0021',70,31000)
    INSERT INTO CTPHIEUXUATKHO
  VALUES ('XK0031','SP0022',120,21000)
    INSERT INTO CTPHIEUXUATKHO
  VALUES ('XK0032','SP0023',170,20000)
    INSERT INTO CTPHIEUXUATKHO
  VALUES ('XK0032','SP0024',220,22000)
    INSERT INTO CTPHIEUXUATKHO
  VALUES ('XK0033','SP0025',270,15000)
    INSERT INTO CTPHIEUXUATKHO
  VALUES ('XK0033','SP0026',170,20000)
    INSERT INTO CTPHIEUXUATKHO
  VALUES ('XK0034','SP0027',220,30000)
    INSERT INTO CTPHIEUXUATKHO
  VALUES ('XK0034','SP0028',170,33000)
    INSERT INTO CTPHIEUXUATKHO
  VALUES ('XK0035','SP0030',170,37000)
    INSERT INTO CTPHIEUXUATKHO
  VALUES ('XK0035','SP0029',120,13000)
    INSERT INTO CTPHIEUXUATKHO
  VALUES ('XK0036','SP0031',170,20000)
    INSERT INTO CTPHIEUXUATKHO
  VALUES ('XK0036','SP0032',220,20000)
    INSERT INTO CTPHIEUXUATKHO
  VALUES ('XK0037','SP0033',70,18000)
  INSERT INTO CTPHIEUXUATKHO
  VALUES ('XK0037','SP0034',70,13000)
  INSERT INTO CTPHIEUXUATKHO
  VALUES ('XK0038','SP0035',12,7000)
  INSERT INTO CTPHIEUXUATKHO
  VALUES ('XK0038','SP0036',12,15000)
  INSERT INTO CTPHIEUXUATKHO
  VALUES ('XK0039','SP0038',170,16000)
  INSERT INTO CTPHIEUXUATKHO
  VALUES ('XK0039','SP0037',12,15000)
  INSERT INTO CTPHIEUXUATKHO
  VALUES ('XK0040','SP0039',70,11000)
  INSERT INTO CTPHIEUXUATKHO
  VALUES ('XK0040','SP0040',70,18000)
  INSERT INTO CTPHIEUXUATKHO
  VALUES ('XK0041','SP0041',12,11000)
  INSERT INTO CTPHIEUXUATKHO
  VALUES ('XK0041','SP0042',12,18000)
  INSERT INTO CTPHIEUXUATKHO
  VALUES ('XK0042','SP0043',12,6000)
  INSERT INTO CTPHIEUXUATKHO
  VALUES ('XK0042','SP0044',12,10000)
  INSERT INTO CTPHIEUXUATKHO
  VALUES ('XK0043','SP0045',12,13000)
  INSERT INTO CTPHIEUXUATKHO
  VALUES ('XK0043','SP0046',12,8000)
  INSERT INTO CTPHIEUXUATKHO
  VALUES ('XK0044','SP0047',12,11000)
  INSERT INTO CTPHIEUXUATKHO
  VALUES ('XK0044','SP0048',12,12000)
  INSERT INTO CTPHIEUXUATKHO
  VALUES ('XK0045','SP0049',12,15000)
  INSERT INTO CTPHIEUXUATKHO
  VALUES ('XK0045','SP0050',70,12000)
  INSERT INTO CTPHIEUXUATKHO
  VALUES ('XK0046','SP0051',70,13000)
  INSERT INTO CTPHIEUXUATKHO
  VALUES ('XK0046','SP0052',70,12000)
  INSERT INTO CTPHIEUXUATKHO
  VALUES ('XK0047','SP0053',12,18000)
  INSERT INTO CTPHIEUXUATKHO
  VALUES ('XK0047','SP0054',170,13000)
  INSERT INTO CTPHIEUXUATKHO
  VALUES ('XK0048','SP0055',22,13000)
  INSERT INTO CTPHIEUXUATKHO
  VALUES ('XK0048','SP0056',170,16000)
  INSERT INTO CTPHIEUXUATKHO
  VALUES ('XK0049','SP0057',170,178000)
  INSERT INTO CTPHIEUXUATKHO
  VALUES ('XK0049','SP0058',170,18000)
  INSERT INTO CTPHIEUXUATKHO
  VALUES ('XK0050','SP0059',70,8000)
  INSERT INTO CTPHIEUXUATKHO
  VALUES ('XK0050','SP0060',120,73000)


 ---------------------

 SELECT * FROM CTPHIEUXUATKHO

 -------------------------

  ----/// DELETE DATA 
  DELETE FROM CTPHIEUNHAPKHO
  DELETE FROM CTPHIEUXUATKHO
  DELETE FROM PHIEUNHAPKHO
  DELETE FROM PHIEUXUATKHO
  DELETE FROM CTHOADON
  DELETE FROM HOADON
  DELETE FROM SANPHAM
  DELETE FROM LOAISANPHAM
  DELETE FROM KHO
  DELETE FROM NHACUNGCAP
  DELETE FROM KHACHHANG
  DELETE FROM NHANVIEN

  ---///////






